{
	"pattrstorage" : 	{
		"name" : "ShreditorDevices",
		"slots" : 		{
			"1" : 			{
				"id" : 1,
				"data" : 				{
					"mirrorFilepath" : [ "/Users/thijskoerselman/cemdegroene_data2.bin" ],
					"deviceName" : [ "cemdegroene" ],
					"midiInputPort" : [ "USB MIDI 1x1 Port 1" ],
					"midiOutputPort" : [ "USB MIDI 1x1 Port 1" ],
					"midiChannel" : [ 1 ],
					"midiMergeChannel" : [ 1 ],
					"midiMergePort" : [ "MPK mini" ]
				}

			}
,
			"2" : 			{
				"id" : 2,
				"data" : 				{
					"mirrorFilepath" : [ "/Users/thijskoerselman/cemmetje_data.bin" ],
					"deviceName" : [ "cemmetje" ],
					"midiInputPort" : [ "USB MIDI 1x1 Port 1" ],
					"midiOutputPort" : [ "USB MIDI 1x1 Port 1" ],
					"midiChannel" : [ 2 ],
					"midiMergeChannel" : [ 4 ],
					"midiMergePort" : [ "Fireface 400 (B21) Port 2" ]
				}

			}

		}

	}

}
